{
    "act": [
        0.417, 
        0.167, 
        0.333, 
        0.083
    ], 
    "year": [
        0.06251421312476084, 
        0.0870965468418551, 
        0.12013881621654776, 
        0.16035432643213324, 
        0.23098438766047255, 
        0.3389117097242305
    ]
}